"archetype","rank","gene","cor","n_cells_used"
"A1",1,"ENSG00000289474",0.589405310331521,13245
"A1",2,"ENSG00000289901",0.45213952292634,13245
"A1",3,"CTNND1",0.339993660220989,13245
"A1",4,"LINC00511",0.33137543773766,13245
"A1",5,"SRRM2",0.318613466822992,13245
"A1",6,"AGAP1",0.303541692610216,13245
"A1",7,"TCF7L2",0.294901403940158,13245
"A1",8,"RERE",0.285957074625141,13245
"A1",9,"LPP",0.274092508567014,13245
"A1",10,"ABCC3",0.269349926666638,13245
"A1",11,"ACTN4",0.267059930072055,13245
"A1",12,"EXT1",0.264631407760476,13245
"A1",13,"ENSG00000247925",0.26458791447574,13245
"A1",14,"MAML3",0.262549800502068,13245
"A1",15,"TALAM1",0.253173622464007,13245
"A1",16,"ATP5ME",0.248744465156555,13245
"A1",17,"MGAT5",0.246416757392728,13245
"A1",18,"SHROOM3",0.245534146714877,13245
"A1",19,"IGF2BP2",0.245346568488649,13245
"A1",20,"MAGI1",0.244419557157251,13245
"A1",21,"ENSG00000225885",0.242959500371501,13245
"A1",22,"SCNN1A",0.237558377997349,13245
"A1",23,"ENSG00000279442",0.234430230184338,13245
"A1",24,"GMDS",0.223863887286962,13245
"A1",25,"TSPOAP1-AS1",0.222809437395218,13245
"A1",26,"ENSG00000287555",0.211526391859206,13245
"A1",27,"PLCG2",0.210141887155783,13245
"A1",28,"SSH2",0.208446190731948,13245
"A1",29,"DNM2",0.207132635643392,13245
"A1",30,"UST",0.207003784187203,13245
"A1",31,"JMJD1C",0.206313306096847,13245
"A1",32,"PIP5K1B",0.204245518380603,13245
"A1",33,"AQP5",0.203438164849228,13245
"A1",34,"NMT1",0.203063502817164,13245
"A1",35,"ALDH1A3-AS1",0.202743190439429,13245
"A1",36,"FTX",0.200956768896038,13245
"A1",37,"TCF25",0.200453373510548,13245
"A1",38,"RBM39",0.198030136905152,13245
"A1",39,"ENSG00000257764",0.195830999979958,13245
"A1",40,"SBF2",0.194780472589183,13245
"A1",41,"KMT2C",0.19402790551476,13245
"A1",42,"AQP5-AS1",0.193822050610277,13245
"A1",43,"ESYT2",0.193601089791593,13245
"A1",44,"UBE2H",0.192992239815381,13245
"A1",45,"SMCR5",0.192982032373506,13245
"A1",46,"NR6A1",0.191712201602703,13245
"A1",47,"PARD3",0.19124960631418,13245
"A1",48,"SPAG9",0.190403810798668,13245
"A1",49,"USP34",0.188917766923758,13245
"A1",50,"PTK2",0.188901612767545,13245
"A1",51,"PKN2",0.188460788867881,13245
"A1",52,"ENSG00000266049",0.188343959458151,13245
"A1",53,"FNDC3B",0.188115026845706,13245
"A1",54,"ATP5F1E",0.187756507985825,13245
"A1",55,"ZSWIM6",0.187343615503265,13245
"A1",56,"SPATS2L",0.187192354430304,13245
"A1",57,"ELOB",0.185486158471456,13245
"A1",58,"KIAA1671",0.184360508300965,13245
"A1",59,"LINC-PINT",0.183173331645146,13245
"A1",60,"PATJ",0.182786603748331,13245
"A1",61,"GPRC5D",0.182587641172101,13245
"A1",62,"PRKCA",0.179694373229954,13245
"A1",63,"FOXP1",0.179609334016662,13245
"A1",64,"MAL2-AS1",0.177871544907597,13245
"A1",65,"HIF1A",0.177674057487005,13245
"A1",66,"LINC00513",0.17624334292936,13245
"A1",67,"SPATA13",0.175393092428432,13245
"A1",68,"AKAP13",0.174519096576024,13245
"A1",69,"ENSG00000254604",0.173965597681752,13245
"A1",70,"RHPN2",0.173642690069185,13245
"A1",71,"ZNF609",0.173114077317753,13245
"A1",72,"ETV6",0.172394467341723,13245
"A1",73,"ENSG00000232934",0.169910158045765,13245
"A1",74,"RRBP1",0.167707258849799,13245
"A1",75,"AP2B1",0.167473106693219,13245
"A1",76,"ENSG00000224814",0.166686356323692,13245
"A1",77,"TRIO",0.166281743467421,13245
"A1",78,"RAB11FIP1",0.16605434976866,13245
"A1",79,"WDR45B",0.165304600379093,13245
"A1",80,"DYNC2I1",0.165082007276645,13245
"A1",81,"HNRNPK-AS1",0.164510926178628,13245
"A1",82,"ENSG00000238273",0.162061776352724,13245
"A1",83,"RREB1",0.161728694644642,13245
"A1",84,"KIAA1217",0.159822269949098,13245
"A1",85,"CMIP",0.158953491627482,13245
"A1",86,"CLIP2",0.158788651261807,13245
"A1",87,"ALDH1A3",0.158072151946355,13245
"A1",88,"HIVEP3",0.158012131179248,13245
"A1",89,"RIN2",0.157825584666162,13245
"A1",90,"RBM47",0.157433401873338,13245
"A1",91,"ENSG00000287045",0.156411352434081,13245
"A1",92,"ATP1A1",0.156339359619883,13245
"A1",93,"DSTN",0.15453852514866,13245
"A1",94,"ENSG00000279110",0.1543284455929,13245
"A1",95,"KANSL1",0.153964941709479,13245
"A1",96,"RC3H1",0.153363304026697,13245
"A1",97,"SMAD3",0.152477896747659,13245
"A1",98,"SHROOM3-AS1",0.152249324529647,13245
"A1",99,"ENSG00000287299",0.151590538299843,13245
"A1",100,"LINC02649",0.15154287338517,13245
"A2",1,"TFF3",0.765910095559731,13245
"A2",2,"S100A6",0.731652128853771,13245
"A2",3,"MIF",0.686595646663329,13245
"A2",4,"MT1X",0.673112183189678,13245
"A2",5,"C19orf33",0.623784504710634,13245
"A2",6,"P4HA1",0.588923715586143,13245
"A2",7,"FABP1",0.568877487058444,13245
"A2",8,"FXYD3",0.546021092498103,13245
"A2",9,"SH3BGRL3",0.545277056368723,13245
"A2",10,"WDR45B",0.539080460581341,13245
"A2",11,"TMSB10",0.52445416827004,13245
"A2",12,"SEC61G",0.519579184839199,13245
"A2",13,"C4orf3",0.510839584192695,13245
"A2",14,"SERF2",0.509615141549451,13245
"A2",15,"ENSG00000289474",0.497681403133033,13245
"A2",16,"COX7C",0.49054057892411,13245
"A2",17,"CIB1",0.489012773691851,13245
"A2",18,"GPI",0.488276381970996,13245
"A2",19,"ENSG00000289901",0.477406233147848,13245
"A2",20,"FLNB",0.457432374773073,13245
"A2",21,"ITGB4",0.452952771527441,13245
"A2",22,"TSPO",0.452177804795368,13245
"A2",23,"TFF1",0.436916976642815,13245
"A2",24,"FAM13A",0.432465872068489,13245
"A2",25,"SMIM22",0.430652593688851,13245
"A2",26,"WASF2",0.428787487871803,13245
"A2",27,"ELOB",0.428080780576969,13245
"A2",28,"PHGR1",0.424802231413065,13245
"A2",29,"FAM162A",0.424293853246897,13245
"A2",30,"ESYT2",0.424195974089715,13245
"A2",31,"TXNDC17",0.422791922157247,13245
"A2",32,"SEMA4B",0.421377476605522,13245
"A2",33,"FHL2",0.420991468303605,13245
"A2",34,"TMEM256",0.420449767195574,13245
"A2",35,"PRSS3",0.417554986081763,13245
"A2",36,"GPRC5A",0.415936021451134,13245
"A2",37,"ATP5ME",0.410348563786301,13245
"A2",38,"COX7A2",0.406812423490829,13245
"A2",39,"UQCR10",0.406652496735091,13245
"A2",40,"S100A11",0.405984458667998,13245
"A2",41,"SLC2A1",0.404306319418091,13245
"A2",42,"JUND",0.398886586077899,13245
"A2",43,"GNG5",0.3973786189538,13245
"A2",44,"HILPDA",0.382020451083745,13245
"A2",45,"UQCRQ",0.378253370333066,13245
"A2",46,"CDC42EP5",0.374015617815406,13245
"A2",47,"KRT7",0.373994448333066,13245
"A2",48,"COX7B",0.371605327177445,13245
"A2",49,"FA2H",0.37086663161016,13245
"A2",50,"ACSS2",0.370865474455426,13245
"A2",51,"ALDOC",0.369686803189295,13245
"A2",52,"TMEM258",0.367917740002478,13245
"A2",53,"LIMA1",0.366633031322572,13245
"A2",54,"TFF2",0.365994653789907,13245
"A2",55,"PTPRR",0.365589905845696,13245
"A2",56,"CLMN",0.359809654409245,13245
"A2",57,"TCF7L2",0.351629219052956,13245
"A2",58,"STK17A",0.350842897260955,13245
"A2",59,"RNMT",0.350116776850859,13245
"A2",60,"EZR",0.34950690326403,13245
"A2",61,"ATP5MK",0.349197513280587,13245
"A2",62,"RALGPS2",0.347876324500284,13245
"A2",63,"PHPT1",0.347114095874174,13245
"A2",64,"ENSG00000247925",0.344286396979949,13245
"A2",65,"BHLHE41",0.343688839107436,13245
"A2",66,"DSTN",0.343202567689236,13245
"A2",67,"ENSG00000257764",0.342657573233826,13245
"A2",68,"PPDPF",0.340628304062452,13245
"A2",69,"DUOX2",0.338687896478645,13245
"A2",70,"S100A10",0.33840904764896,13245
"A2",71,"VEGFA",0.336584164046693,13245
"A2",72,"COX5B",0.324017900785133,13245
"A2",73,"COX6B1",0.323997607740921,13245
"A2",74,"SLC6A8",0.323306716748862,13245
"A2",75,"BAIAP2L1",0.323043383242063,13245
"A2",76,"NDUFA1",0.321836887688231,13245
"A2",77,"PGK1",0.321247680631771,13245
"A2",78,"ANKRD37",0.319954575161881,13245
"A2",79,"NDRG1",0.31654027635991,13245
"A2",80,"ATF3",0.315613331426564,13245
"A2",81,"RNF181",0.314254812727885,13245
"A2",82,"EIF1",0.314245637551062,13245
"A2",83,"DPM3",0.313080343343915,13245
"A2",84,"FAU",0.312275224960381,13245
"A2",85,"CD55",0.308785495226677,13245
"A2",86,"ITGB1",0.307453212359896,13245
"A2",87,"CSTB",0.305863166856996,13245
"A2",88,"MXD1",0.305047841270134,13245
"A2",89,"BNIP3",0.304344402042081,13245
"A2",90,"ROMO1",0.303897630366691,13245
"A2",91,"SQLE",0.303089190398686,13245
"A2",92,"CAST",0.300438622734167,13245
"A2",93,"TOMM7",0.29664872895565,13245
"A2",94,"ATP5F1E",0.296502363146243,13245
"A2",95,"GBE1",0.296294516281534,13245
"A2",96,"AGPAT2",0.296032656834062,13245
"A2",97,"UQCR11",0.292391053577768,13245
"A2",98,"TMEM265",0.291768529560078,13245
"A2",99,"RBM39",0.291754635338465,13245
"A2",100,"SNHG6",0.290740258554039,13245
"A3",1,"CES2",0.68501985856955,13245
"A3",2,"KRT20",0.669024896325917,13245
"A3",3,"EPCAM",0.668470411436243,13245
"A3",4,"CLDN7",0.665037970700106,13245
"A3",5,"C17orf78",0.651403471905276,13245
"A3",6,"SLC40A1",0.616194378726418,13245
"A3",7,"S100A14",0.603099991566961,13245
"A3",8,"B2M",0.581406464679489,13245
"A3",9,"RNF186",0.576460760322312,13245
"A3",10,"ANPEP",0.572565704177065,13245
"A3",11,"MUC13",0.566596200841065,13245
"A3",12,"SLC6A8",0.562427623832768,13245
"A3",13,"ERO1A",0.560532245521631,13245
"A3",14,"FABP2",0.552818536622902,13245
"A3",15,"ANGPTL4",0.551358062793171,13245
"A3",16,"CDHR5",0.551020566553893,13245
"A3",17,"HSD17B2",0.541136999702181,13245
"A3",18,"IL32",0.537251251615675,13245
"A3",19,"PRAP1",0.534545367924412,13245
"A3",20,"CDA",0.532752586844547,13245
"A3",21,"HHLA2",0.531715028765336,13245
"A3",22,"PKIB",0.530307838490696,13245
"A3",23,"SPINT2",0.519031876843376,13245
"A3",24,"TM6SF2",0.517830882621481,13245
"A3",25,"TM4SF5",0.512678703837599,13245
"A3",26,"GAPDH",0.512590809683566,13245
"A3",27,"PLAC8",0.511437645042921,13245
"A3",28,"ITM2B",0.510073890239406,13245
"A3",29,"TSPAN1",0.508658001284457,13245
"A3",30,"SLC50A1",0.508377652015414,13245
"A3",31,"HLA-C",0.507413873467984,13245
"A3",32,"LGALS3",0.507363006846733,13245
"A3",33,"TM4SF20",0.504343212208169,13245
"A3",34,"RBP2",0.50287020174879,13245
"A3",35,"LINC01133",0.500077999751061,13245
"A3",36,"PRSS8",0.499885811046614,13245
"A3",37,"SLC22A18",0.498807837273986,13245
"A3",38,"C15orf48",0.49753532296235,13245
"A3",39,"P4HB",0.49746869291833,13245
"A3",40,"ALDOB",0.497191845830226,13245
"A3",41,"SI",0.494367772532347,13245
"A3",42,"PLA2G12B",0.493476813124416,13245
"A3",43,"MEP1A",0.493019477529946,13245
"A3",44,"HLA-A",0.492533623200485,13245
"A3",45,"ENSG00000259347",0.490545342041881,13245
"A3",46,"VDAC2",0.489943496226293,13245
"A3",47,"LDHA",0.487705865315138,13245
"A3",48,"MTTP",0.482970331606753,13245
"A3",49,"P4HA2",0.482527209006922,13245
"A3",50,"SDCBP2",0.482057697824431,13245
"A3",51,"EFNA1",0.481729458161448,13245
"A3",52,"SLC3A1",0.481274500748829,13245
"A3",53,"BTNL8",0.479071705345247,13245
"A3",54,"GBP3",0.477645831452665,13245
"A3",55,"MYL12B",0.477535010827861,13245
"A3",56,"TIMP2",0.47489088377985,13245
"A3",57,"TMEM45B",0.470640918377814,13245
"A3",58,"CTSD",0.470639142980403,13245
"A3",59,"ABCG2",0.468006374251737,13245
"A3",60,"SLC11A2",0.467108397753724,13245
"A3",61,"CDHR2",0.465618532188037,13245
"A3",62,"TSPAN8",0.461297120885836,13245
"A3",63,"MUC17",0.461022205342149,13245
"A3",64,"SLC51B",0.45940590688356,13245
"A3",65,"RHOC",0.45458804331539,13245
"A3",66,"A1CF",0.453784109464868,13245
"A3",67,"GCNT3",0.452057131426522,13245
"A3",68,"FTH1",0.450461116876062,13245
"A3",69,"BTNL3",0.44927441162801,13245
"A3",70,"APOBEC1",0.449055601565103,13245
"A3",71,"PTTG1IP",0.447771643610697,13245
"A3",72,"CYSTM1",0.444611253078999,13245
"A3",73,"RBCK1",0.444309343263817,13245
"A3",74,"GLRX",0.443515484569338,13245
"A3",75,"CYP3A4",0.443122014523387,13245
"A3",76,"PLOD2",0.442316191188156,13245
"A3",77,"FXYD3",0.441812537686132,13245
"A3",78,"PPP1R14D",0.439745563525119,13245
"A3",79,"CMAS",0.435334962334958,13245
"A3",80,"TMEM59",0.434490142174537,13245
"A3",81,"TMBIM6",0.430835533263049,13245
"A3",82,"GPX4",0.430819516789857,13245
"A3",83,"CD68",0.427672664845009,13245
"A3",84,"TRIM31",0.426444786475943,13245
"A3",85,"BHLHE40",0.426422274612432,13245
"A3",86,"PGAM1",0.42629535702525,13245
"A3",87,"ANKRD40CL",0.425842373437328,13245
"A3",88,"LGALS4",0.424599388534876,13245
"A3",89,"HSPA5",0.424108223123921,13245
"A3",90,"GAL3ST1",0.423345092135582,13245
"A3",91,"SCD",0.423169626227909,13245
"A3",92,"ERICH4",0.42278534634947,13245
"A3",93,"NEU1",0.422489448042967,13245
"A3",94,"ABCB1",0.421983853764933,13245
"A3",95,"PRR13",0.42191733459161,13245
"A3",96,"ENSG00000255367",0.421760898872283,13245
"A3",97,"ABCC2",0.420153273234578,13245
"A3",98,"EGLN3",0.419663222783409,13245
"A3",99,"ATP1B1",0.418446987774879,13245
"A3",100,"SLC7A9",0.418362819333925,13245
"A4",1,"HMGB1",0.634252408268609,13245
"A4",2,"MKI67",0.628740381188073,13245
"A4",3,"TOP2A",0.611733386591404,13245
"A4",4,"TUBA1B",0.600315405668331,13245
"A4",5,"CENPF",0.599579179414827,13245
"A4",6,"BIRC5",0.57550355306392,13245
"A4",7,"PBK",0.575271648810974,13245
"A4",8,"PA2G4",0.564859541444783,13245
"A4",9,"PRC1",0.563807196437442,13245
"A4",10,"NUSAP1",0.557714407241416,13245
"A4",11,"PTMA",0.55487993586052,13245
"A4",12,"CENPW",0.546200545986618,13245
"A4",13,"STMN1",0.541361532790524,13245
"A4",14,"CEP55",0.540267785154241,13245
"A4",15,"TPX2",0.539979218039351,13245
"A4",16,"DLGAP5",0.537840958929506,13245
"A4",17,"DIAPH3",0.537642264611489,13245
"A4",18,"HNRNPAB",0.529159030219511,13245
"A4",19,"KIF4A",0.52573323371072,13245
"A4",20,"PTTG1",0.524387157086869,13245
"A4",21,"RRM2",0.522095517840198,13245
"A4",22,"ASPM",0.519029183365742,13245
"A4",23,"HMGN2",0.517787428667415,13245
"A4",24,"HMGB2",0.514500711763525,13245
"A4",25,"SNRPG",0.514462342861236,13245
"A4",26,"UBE2S",0.513058815749459,13245
"A4",27,"RAD51AP1",0.511988160818088,13245
"A4",28,"H2AZ1",0.510592690070859,13245
"A4",29,"GTSE1",0.510564062588145,13245
"A4",30,"CDKN3",0.510255784649686,13245
"A4",31,"RANBP1",0.505243202778964,13245
"A4",32,"FABP5",0.504540856728754,13245
"A4",33,"CCNA2",0.501025519725858,13245
"A4",34,"CCNB1",0.497629712002189,13245
"A4",35,"CDC20",0.495387314605788,13245
"A4",36,"CENPE",0.494583290813862,13245
"A4",37,"TACC3",0.492110679262163,13245
"A4",38,"TUBB4B",0.491790105216385,13245
"A4",39,"TUBB",0.491400053242458,13245
"A4",40,"PRKDC",0.49063301238512,13245
"A4",41,"KIF2C",0.490069033794438,13245
"A4",42,"DTYMK",0.489222442781893,13245
"A4",43,"SNRPD1",0.485431646884067,13245
"A4",44,"CKS2",0.483899396260756,13245
"A4",45,"UBE2C",0.481213766290694,13245
"A4",46,"ATP5MC1",0.479281068513254,13245
"A4",47,"CDK1",0.478643309920882,13245
"A4",48,"CCNB2",0.47549083664773,13245
"A4",49,"NDUFS6",0.474936430874848,13245
"A4",50,"DNMT1",0.474194410384376,13245
"A4",51,"HJURP",0.474110599443179,13245
"A4",52,"BUB1B",0.471729434649295,13245
"A4",53,"CIT",0.470223605962089,13245
"A4",54,"HMMR",0.467490384547786,13245
"A4",55,"KIF20B",0.466884091499182,13245
"A4",56,"KIF15",0.466873148668972,13245
"A4",57,"NUCKS1",0.463703228139183,13245
"A4",58,"CDCA8",0.46349760214478,13245
"A4",59,"UQCC2",0.463286357418731,13245
"A4",60,"SGO1",0.459486597586782,13245
"A4",61,"HSPE1",0.458074682861822,13245
"A4",62,"BUB1",0.45797734475691,13245
"A4",63,"TYMS",0.457366439026939,13245
"A4",64,"PFN1",0.456033080722601,13245
"A4",65,"KIF11",0.454762908983993,13245
"A4",66,"NUF2",0.454718349409866,13245
"A4",67,"HELLS",0.453929036481834,13245
"A4",68,"MYBL2",0.45286150335371,13245
"A4",69,"KIFC1",0.451674525222874,13245
"A4",70,"CENPK",0.450356521617315,13245
"A4",71,"HSP90AA1",0.450010201765029,13245
"A4",72,"AURKB",0.449066844501853,13245
"A4",73,"FANCI",0.448895389893714,13245
"A4",74,"NDC80",0.447745579972553,13245
"A4",75,"NCAPD3",0.447533807596385,13245
"A4",76,"TTK",0.446384823646118,13245
"A4",77,"VRK1",0.44611041563937,13245
"A4",78,"NCAPG",0.445904505045266,13245
"A4",79,"PPM1G",0.4434662712114,13245
"A4",80,"RFC3",0.442603064370249,13245
"A4",81,"ARHGAP11A",0.441950282353287,13245
"A4",82,"SMC4",0.441466646085013,13245
"A4",83,"CDC25C",0.440084608923207,13245
"A4",84,"KIF14",0.439166854720474,13245
"A4",85,"DEPDC1",0.437639145003907,13245
"A4",86,"SGO2",0.435899590182132,13245
"A4",87,"PRR11",0.435619644627466,13245
"A4",88,"NEK2",0.435403177593725,13245
"A4",89,"NASP",0.435150381203967,13245
"A4",90,"PCLAF",0.434755657452921,13245
"A4",91,"NUDT1",0.434169143471775,13245
"A4",92,"SNRPF",0.433917455777055,13245
"A4",93,"NCAPH",0.433880690980176,13245
"A4",94,"MELK",0.431284274660491,13245
"A4",95,"NCAPG2",0.430879321245635,13245
"A4",96,"POLQ",0.430802141649571,13245
"A4",97,"IQGAP3",0.430764677326405,13245
"A4",98,"NME2",0.428831486805791,13245
"A4",99,"CENPM",0.427291050896651,13245
"A4",100,"H2AZ2",0.426733088906077,13245
"A5",1,"NPM1",0.719565411525973,13245
"A5",2,"HNRNPA1",0.699118516869206,13245
"A5",3,"RACK1",0.67823568409868,13245
"A5",4,"HSP90AB1",0.665848720454401,13245
"A5",5,"NAP1L1",0.658744234683907,13245
"A5",6,"EEF1A1",0.644157793587359,13245
"A5",7,"MARCKSL1",0.642619784330669,13245
"A5",8,"SNHG29",0.625357331957981,13245
"A5",9,"EIF4A1",0.611699620958698,13245
"A5",10,"STEAP1B",0.606955469093015,13245
"A5",11,"EEF1G",0.60073920578208,13245
"A5",12,"ASCL2",0.598643189476543,13245
"A5",13,"LYZ",0.595942007234188,13245
"A5",14,"RCN1",0.595490783711029,13245
"A5",15,"LDHB",0.591995183813916,13245
"A5",16,"CD9",0.587593956554136,13245
"A5",17,"PABPC1",0.582626397580023,13245
"A5",18,"TKT",0.581639623856808,13245
"A5",19,"EIF3E",0.579394737328105,13245
"A5",20,"ENSG00000235979",0.578905327689402,13245
"A5",21,"CLDN2",0.575311111018117,13245
"A5",22,"YBX1",0.572753682389786,13245
"A5",23,"EHF",0.568461371674548,13245
"A5",24,"NCL",0.565416788738097,13245
"A5",25,"CCT2",0.561624289674873,13245
"A5",26,"KRT18",0.561265297704757,13245
"A5",27,"PHLDA1",0.559625902503002,13245
"A5",28,"ARID5B",0.558459199559307,13245
"A5",29,"SSB",0.556339765922728,13245
"A5",30,"SLC12A2",0.552924236824182,13245
"A5",31,"PLCB4",0.551381996561268,13245
"A5",32,"ZNRF3",0.551161158793845,13245
"A5",33,"NIPSNAP1",0.550829901065788,13245
"A5",34,"GPX2",0.550289714773915,13245
"A5",35,"EEF1B2",0.549071860415052,13245
"A5",36,"GSTM3",0.543520558805029,13245
"A5",37,"LGR5",0.542262140934466,13245
"A5",38,"CCND1",0.542043058417355,13245
"A5",39,"CCT6A",0.540369388486207,13245
"A5",40,"MLEC",0.536548340008686,13245
"A5",41,"ALDH1B1",0.536012999281792,13245
"A5",42,"BMP4",0.53568674506225,13245
"A5",43,"SMOC2",0.53321503761509,13245
"A5",44,"SLC25A6",0.531661315175746,13245
"A5",45,"ETS2",0.528613484027484,13245
"A5",46,"NAALADL2",0.527159073133152,13245
"A5",47,"ESD",0.524708451560306,13245
"A5",48,"CFTR",0.522983497230752,13245
"A5",49,"LAMB1",0.522834174784815,13245
"A5",50,"RSL1D1",0.522794489815667,13245
"A5",51,"CDK4",0.517026974981617,13245
"A5",52,"PPP1R9A",0.516755963281526,13245
"A5",53,"TSC22D1",0.515534262545742,13245
"A5",54,"TOMM20",0.515508486740545,13245
"A5",55,"CCT4",0.513094748363767,13245
"A5",56,"MYC",0.512636481541537,13245
"A5",57,"CCT3",0.512490319838822,13245
"A5",58,"EBPL",0.510754491087065,13245
"A5",59,"CDCA7",0.509879501170791,13245
"A5",60,"OOEP",0.507285074876049,13245
"A5",61,"BTF3",0.506518140857152,13245
"A5",62,"CDK6",0.506072938098193,13245
"A5",63,"MTAP",0.504410501723353,13245
"A5",64,"PPIA",0.503266192183916,13245
"A5",65,"PEBP1",0.503253687347926,13245
"A5",66,"RAN",0.502834107880852,13245
"A5",67,"APEX1",0.502511266627043,13245
"A5",68,"PHB2",0.501993544619054,13245
"A5",69,"FERMT1",0.501814180190393,13245
"A5",70,"OLFM4",0.495810328178852,13245
"A5",71,"ITPR2",0.495241106541717,13245
"A5",72,"EID1",0.493670146696369,13245
"A5",73,"HNRNPA1L3",0.493520649436297,13245
"A5",74,"PIK3R1",0.49200938195683,13245
"A5",75,"ODC1",0.491243770338451,13245
"A5",76,"EIF3F",0.490756612613496,13245
"A5",77,"PLEKHB1",0.490692212942202,13245
"A5",78,"OLA1",0.488048486064702,13245
"A5",79,"HSPD1",0.487625401780386,13245
"A5",80,"COMT",0.485893585429766,13245
"A5",81,"SMIM30",0.485751105330026,13245
"A5",82,"PCNX2",0.484921761521374,13245
"A5",83,"ABCE1",0.483766354776735,13245
"A5",84,"HNRNPA0",0.483696848865664,13245
"A5",85,"RAD50",0.483666688721009,13245
"A5",86,"UCP2",0.483610695514774,13245
"A5",87,"MGST1",0.482602553912995,13245
"A5",88,"TRABD2A",0.482171733064108,13245
"A5",89,"ABCC4",0.48165862555974,13245
"A5",90,"ATIC",0.480152377634975,13245
"A5",91,"ADH5",0.478515430670477,13245
"A5",92,"SYNE2",0.478308751775161,13245
"A5",93,"EIF3H",0.478192537296326,13245
"A5",94,"CCT5",0.477416715296321,13245
"A5",95,"CCT8",0.476791936790711,13245
"A5",96,"EPHB2",0.476121733649684,13245
"A5",97,"PPM1H",0.474530673712454,13245
"A5",98,"RCN2",0.47327550423512,13245
"A5",99,"C1QBP",0.473190221443466,13245
"A5",100,"IMPDH2",0.472744402893746,13245
