"model","archetype","rank","gene","score","abs_score"
"A6","A1",1,"FTH1",-2.09291357210868,2.09291357210868
"A6","A1",2,"NEAT1",2.05395106318845,2.05395106318845
"A6","A1",3,"GAPDH",-2.0448621918053,2.0448621918053
"A6","A1",4,"LGALS4",-2.01704871436678,2.01704871436678
"A6","A1",5,"LYZ",-1.97618757226482,1.97618757226482
"A6","A1",6,"S100A10",-1.96322530289514,1.96322530289514
"A6","A1",7,"ACTG1",-1.91369529621443,1.91369529621443
"A6","A1",8,"PPIA",-1.89426211290932,1.89426211290932
"A6","A1",9,"TMSB4X",-1.85838241451199,1.85838241451199
"A6","A1",10,"TSPAN8",-1.83288414755582,1.83288414755582
"A6","A1",11,"ACTB",-1.82201172454632,1.82201172454632
"A6","A1",12,"AGR2",-1.82152875286414,1.82152875286414
"A6","A1",13,"FTL",-1.8127677689147,1.8127677689147
"A6","A1",14,"B2M",-1.81060019257342,1.81060019257342
"A6","A1",15,"RACK1",-1.7943699064662,1.7943699064662
"A6","A1",16,"KRT18",-1.73455132072123,1.73455132072123
"A6","A1",17,"ENSG00000289474",1.73231928442409,1.73231928442409
"A6","A1",18,"YBX1",-1.6424871958785,1.6424871958785
"A6","A1",19,"MYL12B",-1.61725154086271,1.61725154086271
"A6","A1",20,"S100A14",-1.61538235539443,1.61538235539443
"A6","A1",21,"KRT8",-1.61427366228119,1.61427366228119
"A6","A1",22,"SERPINB1",-1.60556352642894,1.60556352642894
"A6","A1",23,"NPM1",-1.60168963297465,1.60168963297465
"A6","A1",24,"LGALS3",-1.57836997191236,1.57836997191236
"A6","A1",25,"LDHA",-1.55449662616264,1.55449662616264
"A6","A1",26,"FABP1",-1.5500587453788,1.5500587453788
"A6","A1",27,"CFL1",-1.53406335967699,1.53406335967699
"A6","A1",28,"HSP90AB1",-1.50168694285625,1.50168694285625
"A6","A1",29,"FXYD3",-1.49281766525945,1.49281766525945
"A6","A1",30,"HNRNPA1",-1.44837134412092,1.44837134412092
"A6","A1",31,"LINC00511",1.40910485799435,1.40910485799435
"A6","A1",32,"SNHG29",-1.39057894322273,1.39057894322273
"A6","A1",33,"ATP5MC3",-1.36630678959293,1.36630678959293
"A6","A1",34,"KRT19",-1.36356746625542,1.36356746625542
"A6","A1",35,"MT1X",-1.32367454803019,1.32367454803019
"A6","A1",36,"ITM2B",-1.32316289678456,1.32316289678456
"A6","A1",37,"PHGR1",-1.30014703898624,1.30014703898624
"A6","A1",38,"H3-3B",-1.29493727249295,1.29493727249295
"A6","A1",39,"HSPD1",-1.27733780956111,1.27733780956111
"A6","A1",40,"SPINT2",-1.27110623807083,1.27110623807083
"A6","A1",41,"HLA-B",-1.26555520800456,1.26555520800456
"A6","A1",42,"SLC25A5",-1.23672021620859,1.23672021620859
"A6","A1",43,"HLA-A",-1.22615566023673,1.22615566023673
"A6","A1",44,"HSP90B1",-1.21761686388794,1.21761686388794
"A6","A1",45,"NAP1L1",-1.2123725874648,1.2123725874648
"A6","A1",46,"EPCAM",-1.20554183844901,1.20554183844901
"A6","A1",47,"ANXA2",-1.18151981743987,1.18151981743987
"A6","A1",48,"SAT1",-1.16112733522982,1.16112733522982
"A6","A1",49,"HMGB1",-1.1559144006709,1.1559144006709
"A6","A1",50,"HLA-C",-1.14574424640238,1.14574424640238
"A6","A1",51,"IGFBP2",-1.13154519471329,1.13154519471329
"A6","A1",52,"SLC25A3",-1.11948801398095,1.11948801398095
"A6","A1",53,"REG4",-1.11297835051028,1.11297835051028
"A6","A1",54,"PRDX1",-1.10210863717765,1.10210863717765
"A6","A1",55,"PRR13",-1.09742013025777,1.09742013025777
"A6","A1",56,"MLEC",-1.09284912839467,1.09284912839467
"A6","A1",57,"GPX4",-1.0913025007741,1.0913025007741
"A6","A1",58,"KLK7",-1.08792701846351,1.08792701846351
"A6","A1",59,"OLFM4",-1.07692881114284,1.07692881114284
"A6","A1",60,"PERP",-1.0762418695671,1.0762418695671
"A6","A1",61,"PRAP1",-1.07092935808023,1.07092935808023
"A6","A1",62,"TAGLN2",-1.07018577429881,1.07018577429881
"A6","A1",63,"MYL12A",-1.06628175955122,1.06628175955122
"A6","A1",64,"CALM1",-1.05252679209063,1.05252679209063
"A6","A1",65,"CA9",-1.04960617358839,1.04960617358839
"A6","A1",66,"PGK1",-1.03329555896909,1.03329555896909
"A6","A1",67,"CYP51A1",-1.03263407236306,1.03263407236306
"A6","A1",68,"HSP90AA1",-1.03214980520104,1.03214980520104
"A6","A1",69,"LCN2",-1.02944414951135,1.02944414951135
"A6","A1",70,"TFF1",-1.0270192116204,1.0270192116204
"A6","A1",71,"EIF4A1",-1.02625366709967,1.02625366709967
"A6","A1",72,"HSPA5",-1.02521683818339,1.02521683818339
"A6","A1",73,"VDAC2",-1.01407404856649,1.01407404856649
"A6","A1",74,"PRDX6",-1.01016505384967,1.01016505384967
"A6","A1",75,"IL32",-1.00699640554264,1.00699640554264
"A6","A1",76,"CLDN3",-0.997807258414037,0.997807258414037
"A6","A1",77,"BNIP3",-0.980186874720841,0.980186874720841
"A6","A1",78,"CD9",-0.969332378156556,0.969332378156556
"A6","A1",79,"H2AZ1",-0.963767958271402,0.963767958271402
"A6","A1",80,"RAN",-0.95555108758145,0.95555108758145
"A6","A1",81,"ARL6IP1",-0.943086827297539,0.943086827297539
"A6","A1",82,"LDHB",-0.938331343177482,0.938331343177482
"A6","A1",83,"CALM2",-0.928324577844791,0.928324577844791
"A6","A1",84,"KLK10",-0.911393739409425,0.911393739409425
"A6","A1",85,"CLDN7",-0.909059072740171,0.909059072740171
"A6","A1",86,"HSPE1",-0.907396136188033,0.907396136188033
"A6","A1",87,"IER3",-0.905191081139587,0.905191081139587
"A6","A1",88,"PSME2",-0.890506205009046,0.890506205009046
"A6","A1",89,"ADIRF",-0.883787159597903,0.883787159597903
"A6","A1",90,"GSTM3",-0.870359190410747,0.870359190410747
"A6","A1",91,"NCL",-0.869106351711591,0.869106351711591
"A6","A1",92,"C15orf48",-0.859181820448212,0.859181820448212
"A6","A1",93,"RHOC",-0.850759133258699,0.850759133258699
"A6","A1",94,"MGAT5",0.849853782332081,0.849853782332081
"A6","A1",95,"PTTG1IP",-0.848124854307366,0.848124854307366
"A6","A1",96,"MYDGF",-0.847866725077658,0.847866725077658
"A6","A1",97,"GSTO1",-0.843828284252801,0.843828284252801
"A6","A1",98,"GPX2",-0.835090855603416,0.835090855603416
"A6","A1",99,"PGAM1",-0.821689726915141,0.821689726915141
"A6","A1",100,"LMAN1",-0.819186332459424,0.819186332459424
"A6","A2",1,"TFF3",2.05118070793982,2.05118070793982
"A6","A2",2,"MT1X",1.96576377352301,1.96576377352301
"A6","A2",3,"FABP1",1.8924477132169,1.8924477132169
"A6","A2",4,"ENSG00000289474",1.6369182847351,1.6369182847351
"A6","A2",5,"TFF1",1.18739607903298,1.18739607903298
"A6","A2",6,"FXYD3",1.1713407388242,1.1713407388242
"A6","A2",7,"PHGR1",1.09121736729635,1.09121736729635
"A6","A2",8,"TFF2",0.858777695282857,0.858777695282857
"A6","A2",9,"SMOC2",-0.814496350227221,0.814496350227221
"A6","A2",10,"ETS2",-0.805634615077521,0.805634615077521
"A6","A2",11,"NCL",-0.781857228169624,0.781857228169624
"A6","A2",12,"SLC12A2",-0.76086137319081,0.76086137319081
"A6","A2",13,"NEAT1",0.746851692872453,0.746851692872453
"A6","A2",14,"MECOM",-0.744465216609577,0.744465216609577
"A6","A2",15,"SYNE2",-0.72517392955925,0.72517392955925
"A6","A2",16,"PRSS2",0.724160885966686,0.724160885966686
"A6","A2",17,"HSP90AA1",-0.722072451629864,0.722072451629864
"A6","A2",18,"S100A10",0.705283868939742,0.705283868939742
"A6","A2",19,"HNRNPA1",-0.69595772284346,0.69595772284346
"A6","A2",20,"DDX5",-0.682789419717204,0.682789419717204
"A6","A2",21,"ANKRD37",0.649758194569455,0.649758194569455
"A6","A2",22,"KRT7",0.644623120302024,0.644623120302024
"A6","A2",23,"DSP",-0.643098605303181,0.643098605303181
"A6","A2",24,"TUBB4B",-0.634143740512968,0.634143740512968
"A6","A2",25,"HNRNPA2B1",-0.624757642615776,0.624757642615776
"A6","A2",26,"ARID5B",-0.616137494060985,0.616137494060985
"A6","A2",27,"CERS6",-0.608830735025245,0.608830735025245
"A6","A2",28,"HMGB1",-0.600731073027583,0.600731073027583
"A6","A2",29,"CDK6",-0.598972804911269,0.598972804911269
"A6","A2",30,"APBB2",-0.596935751447062,0.596935751447062
"A6","A2",31,"EIF4A1",-0.596386121708504,0.596386121708504
"A6","A2",32,"HNRNPD",-0.595246403426669,0.595246403426669
"A6","A2",33,"CD9",-0.594986050548852,0.594986050548852
"A6","A2",34,"TUBA1B",-0.59310497210145,0.59310497210145
"A6","A2",35,"GMDS-DT",-0.591052082181965,0.591052082181965
"A6","A2",36,"HSPD1",-0.588594403381135,0.588594403381135
"A6","A2",37,"GPHN",-0.580469452101152,0.580469452101152
"A6","A2",38,"TMSB4X",0.580218425566445,0.580218425566445
"A6","A2",39,"HILPDA",0.57199572773458,0.57199572773458
"A6","A2",40,"GSTM3",-0.56923771548097,0.56923771548097
"A6","A2",41,"PABPC1",-0.56325266028645,0.56325266028645
"A6","A2",42,"YWHAB",-0.561113019233842,0.561113019233842
"A6","A2",43,"RAN",-0.557277141552717,0.557277141552717
"A6","A2",44,"SOX4",-0.556209305466182,0.556209305466182
"A6","A2",45,"AKR1C3",-0.553635661048292,0.553635661048292
"A6","A2",46,"RNF43",-0.54989797468256,0.54989797468256
"A6","A2",47,"DACH1",-0.548872931342656,0.548872931342656
"A6","A2",48,"ADIRF",0.546617225893314,0.546617225893314
"A6","A2",49,"PGAM1",-0.545377279101334,0.545377279101334
"A6","A2",50,"SFPQ",-0.544767675517774,0.544767675517774
"A6","A2",51,"HSPA8",-0.540929787704647,0.540929787704647
"A6","A2",52,"CLDN2",-0.534204639810656,0.534204639810656
"A6","A2",53,"ITPR2",-0.529164613669583,0.529164613669583
"A6","A2",54,"TSPAN8",-0.527962539049012,0.527962539049012
"A6","A2",55,"SLC25A3",-0.526306684072999,0.526306684072999
"A6","A2",56,"IMMP2L",-0.524577553656998,0.524577553656998
"A6","A2",57,"PIK3R1",-0.522605950178181,0.522605950178181
"A6","A2",58,"H3-3B",-0.521263081043834,0.521263081043834
"A6","A2",59,"CCSER2",-0.514830113374327,0.514830113374327
"A6","A2",60,"ZBTB20",-0.512173596402801,0.512173596402801
"A6","A2",61,"LINC01811",-0.511553272108313,0.511553272108313
"A6","A2",62,"PRSS1",0.511180903470358,0.511180903470358
"A6","A2",63,"HSP90AB1",-0.510986425504569,0.510986425504569
"A6","A2",64,"NFIA",-0.51067036892777,0.51067036892777
"A6","A2",65,"SSB",-0.508993675841624,0.508993675841624
"A6","A2",66,"LSAMP",-0.507795371063419,0.507795371063419
"A6","A2",67,"PDE4D",-0.507518453313024,0.507518453313024
"A6","A2",68,"JUN",-0.507225183714608,0.507225183714608
"A6","A2",69,"KANK1",-0.503564917558688,0.503564917558688
"A6","A2",70,"SQLE",0.502973173070042,0.502973173070042
"A6","A2",71,"ZNRF3",-0.502192478481053,0.502192478481053
"A6","A2",72,"CCSER1",-0.500158008766746,0.500158008766746
"A6","A2",73,"BMP4",-0.494013551980052,0.494013551980052
"A6","A2",74,"CCT6A",-0.493910266277489,0.493910266277489
"A6","A2",75,"EHF",-0.491745515177319,0.491745515177319
"A6","A2",76,"CCT5",-0.49115251228759,0.49115251228759
"A6","A2",77,"LINC01473",-0.489820889417598,0.489820889417598
"A6","A2",78,"NPM1",-0.487180885558833,0.487180885558833
"A6","A2",79,"LINC00511",-0.485568066461202,0.485568066461202
"A6","A2",80,"SNTB1",-0.478602770491033,0.478602770491033
"A6","A2",81,"SLC25A5",-0.477642761596682,0.477642761596682
"A6","A2",82,"CCT3",-0.475944063923347,0.475944063923347
"A6","A2",83,"ACSS2",0.473531336954873,0.473531336954873
"A6","A2",84,"ACTG1",-0.469503500596181,0.469503500596181
"A6","A2",85,"MGAT5",-0.468956367721785,0.468956367721785
"A6","A2",86,"ATP1B1",-0.468850606539196,0.468850606539196
"A6","A2",87,"FA2H",0.468724731518382,0.468724731518382
"A6","A2",88,"FHIT",-0.468723623192995,0.468723623192995
"A6","A2",89,"CCT2",-0.465340911627959,0.465340911627959
"A6","A2",90,"PRAP1",0.463974966946479,0.463974966946479
"A6","A2",91,"ALDH1A1",-0.46381952322246,0.46381952322246
"A6","A2",92,"SRSF7",-0.458506408386945,0.458506408386945
"A6","A2",93,"CYB5B",-0.454439554456774,0.454439554456774
"A6","A2",94,"MXD1",0.45323574743044,0.45323574743044
"A6","A2",95,"CBR1",-0.45140953383717,0.45140953383717
"A6","A2",96,"TSC22D1",-0.450655487510781,0.450655487510781
"A6","A2",97,"LGALS3",0.449320894897262,0.449320894897262
"A6","A2",98,"NQO1",-0.446542014456742,0.446542014456742
"A6","A2",99,"MARCKSL1",-0.445763193865822,0.445763193865822
"A6","A2",100,"ISG20",0.44474378931198,0.44474378931198
"A6","A3",1,"CES2",2.67867646603546,2.67867646603546
"A6","A3",2,"ALDOB",2.64302962980445,2.64302962980445
"A6","A3",3,"RBP2",2.56692076794534,2.56692076794534
"A6","A3",4,"PRAP1",2.47565216786705,2.47565216786705
"A6","A3",5,"ANPEP",2.28599110179283,2.28599110179283
"A6","A3",6,"SLC40A1",2.21570615318563,2.21570615318563
"A6","A3",7,"FABP6",2.17794915088105,2.17794915088105
"A6","A3",8,"C17orf78",2.16181101115898,2.16181101115898
"A6","A3",9,"B2M",2.01097477089253,2.01097477089253
"A6","A3",10,"KRT20",1.99602610201431,1.99602610201431
"A6","A3",11,"LGALS3",1.92290147270318,1.92290147270318
"A6","A3",12,"FTH1",1.88275689650391,1.88275689650391
"A6","A3",13,"HLA-C",1.86334016656802,1.86334016656802
"A6","A3",14,"ITM2B",1.82121876624759,1.82121876624759
"A6","A3",15,"GPX4",1.82030293783017,1.82030293783017
"A6","A3",16,"MTTP",1.81648171763011,1.81648171763011
"A6","A3",17,"MUC13",1.75956337692514,1.75956337692514
"A6","A3",18,"ENSG00000289474",-1.74200824219038,1.74200824219038
"A6","A3",19,"APOA4",1.70774718605667,1.70774718605667
"A6","A3",20,"FABP2",1.67871344294771,1.67871344294771
"A6","A3",21,"HSD17B2",1.62157628133231,1.62157628133231
"A6","A3",22,"ANGPTL4",1.62101136877506,1.62101136877506
"A6","A3",23,"IL32",1.61335826110983,1.61335826110983
"A6","A3",24,"CTSD",1.59597982253387,1.59597982253387
"A6","A3",25,"OLFM4",-1.56989658209233,1.56989658209233
"A6","A3",26,"APOA1",1.55008540162079,1.55008540162079
"A6","A3",27,"EPCAM",1.54749251061686,1.54749251061686
"A6","A3",28,"RNF186",1.51157311696949,1.51157311696949
"A6","A3",29,"CBR1",1.50763266014413,1.50763266014413
"A6","A3",30,"CLDN7",1.47931200930969,1.47931200930969
"A6","A3",31,"SERPINA1",1.47272485902924,1.47272485902924
"A6","A3",32,"SI",1.46262072267806,1.46262072267806
"A6","A3",33,"ADIRF",1.45910524935385,1.45910524935385
"A6","A3",34,"HLA-A",1.42692091051202,1.42692091051202
"A6","A3",35,"PRR13",1.41270003035091,1.41270003035091
"A6","A3",36,"PTTG1IP",1.40808964008507,1.40808964008507
"A6","A3",37,"APOC3",1.39759279785836,1.39759279785836
"A6","A3",38,"PLAC8",1.39728661282804,1.39728661282804
"A6","A3",39,"RHOC",1.38003135537246,1.38003135537246
"A6","A3",40,"FXYD3",1.37690076822218,1.37690076822218
"A6","A3",41,"SPINT2",1.37680900350798,1.37680900350798
"A6","A3",42,"TSPAN8",1.37650614275481,1.37650614275481
"A6","A3",43,"SLC6A8",1.36963528021589,1.36963528021589
"A6","A3",44,"TM4SF5",1.35693407277838,1.35693407277838
"A6","A3",45,"GLRX",1.34747963773079,1.34747963773079
"A6","A3",46,"MYL12B",1.33312376084834,1.33312376084834
"A6","A3",47,"PRSS8",1.33034709479046,1.33034709479046
"A6","A3",48,"C15orf48",1.317927048621,1.317927048621
"A6","A3",49,"S100A14",1.317311374337,1.317311374337
"A6","A3",50,"SLC3A1",1.28216214998978,1.28216214998978
"A6","A3",51,"ERO1A",1.26954700545268,1.26954700545268
"A6","A3",52,"ATP1B1",1.26553122222807,1.26553122222807
"A6","A3",53,"CYP3A4",1.262117208939,1.262117208939
"A6","A3",54,"CDHR5",1.25512138141442,1.25512138141442
"A6","A3",55,"ACY1",1.25417029962046,1.25417029962046
"A6","A3",56,"FABP1",1.24153029463705,1.24153029463705
"A6","A3",57,"HLA-B",1.24134566080279,1.24134566080279
"A6","A3",58,"CYP2S1",1.2367732286657,1.2367732286657
"A6","A3",59,"TSPAN1",1.21329909117136,1.21329909117136
"A6","A3",60,"SMIM24",1.203403862188,1.203403862188
"A6","A3",61,"SLC5A1",1.19995272126027,1.19995272126027
"A6","A3",62,"SLC12A2",-1.19825378117084,1.19825378117084
"A6","A3",63,"GSTA1",1.19806004259304,1.19806004259304
"A6","A3",64,"INSIG1",1.19608350367986,1.19608350367986
"A6","A3",65,"TMEM59",1.18479704976175,1.18479704976175
"A6","A3",66,"VDAC2",1.17909669775591,1.17909669775591
"A6","A3",67,"TM4SF20",1.17825485445273,1.17825485445273
"A6","A3",68,"PHGR1",1.17667188354607,1.17667188354607
"A6","A3",69,"TNFSF10",1.17653893322582,1.17653893322582
"A6","A3",70,"PKIB",1.16391445638575,1.16391445638575
"A6","A3",71,"PRDX6",1.15729983770731,1.15729983770731
"A6","A3",72,"CDA",1.15709393574883,1.15709393574883
"A6","A3",73,"TIMP2",1.1550079130818,1.1550079130818
"A6","A3",74,"MUC17",1.15401291720128,1.15401291720128
"A6","A3",75,"HSPA5",1.15176248032587,1.15176248032587
"A6","A3",76,"EFNA1",1.13816995681087,1.13816995681087
"A6","A3",77,"SLC22A18",1.13461323545316,1.13461323545316
"A6","A3",78,"NAP1L1",-1.13156029084995,1.13156029084995
"A6","A3",79,"SLC50A1",1.13038880068009,1.13038880068009
"A6","A3",80,"TFF1",1.1259775841467,1.1259775841467
"A6","A3",81,"ABCG2",1.12236796401512,1.12236796401512
"A6","A3",82,"SLC11A2",1.11134295458435,1.11134295458435
"A6","A3",83,"CTSZ",1.11086277401001,1.11086277401001
"A6","A3",84,"PTGR1",1.1080878184917,1.1080878184917
"A6","A3",85,"TMEM45B",1.09548981406376,1.09548981406376
"A6","A3",86,"TM4SF4",1.09252190776153,1.09252190776153
"A6","A3",87,"BTNL8",1.07327265924269,1.07327265924269
"A6","A3",88,"LYZ",-1.06469133279719,1.06469133279719
"A6","A3",89,"KRT7",-1.05814789163892,1.05814789163892
"A6","A3",90,"GBP3",1.05581915184189,1.05581915184189
"A6","A3",91,"SDCBP2",1.04815931205755,1.04815931205755
"A6","A3",92,"KLK7",1.03875377472216,1.03875377472216
"A6","A3",93,"MYL12A",1.02234646146768,1.02234646146768
"A6","A3",94,"MDK",1.02055761026009,1.02055761026009
"A6","A3",95,"CTSB",1.01900288530727,1.01900288530727
"A6","A3",96,"CYP3A5",1.01339848652054,1.01339848652054
"A6","A3",97,"CFL1",1.01274826004123,1.01274826004123
"A6","A3",98,"LMAN1",1.01194049953472,1.01194049953472
"A6","A3",99,"RBCK1",1.01068745769054,1.01068745769054
"A6","A3",100,"CALM1",0.997289521909429,0.997289521909429
"A6","A4",1,"CA9",1.77858960899377,1.77858960899377
"A6","A4",2,"LYZ",1.72107319375718,1.72107319375718
"A6","A4",3,"EGLN3",1.68625953734421,1.68625953734421
"A6","A4",4,"ENSG00000289474",-1.59206109017223,1.59206109017223
"A6","A4",5,"IGFBP2",1.53771723913095,1.53771723913095
"A6","A4",6,"PLIN2",1.51286741478853,1.51286741478853
"A6","A4",7,"PGK1",1.48519201476244,1.48519201476244
"A6","A4",8,"BNIP3",1.45691855593176,1.45691855593176
"A6","A4",9,"SLC2A1",1.44643925565662,1.44643925565662
"A6","A4",10,"KRT19",1.43606097303088,1.43606097303088
"A6","A4",11,"NELL1",1.41956152334937,1.41956152334937
"A6","A4",12,"SCD",1.34049577428894,1.34049577428894
"A6","A4",13,"DDIT4",1.33401522109796,1.33401522109796
"A6","A4",14,"SERPINB1",1.32428073715486,1.32428073715486
"A6","A4",15,"PTPRR",1.29173891063355,1.29173891063355
"A6","A4",16,"CYP51A1",1.29096259273543,1.29096259273543
"A6","A4",17,"LDHA",1.26707361607465,1.26707361607465
"A6","A4",18,"GAPDH",1.2556945510626,1.2556945510626
"A6","A4",19,"HILPDA",1.18022744396374,1.18022744396374
"A6","A4",20,"SLC6A8",1.13307447520492,1.13307447520492
"A6","A4",21,"SLC11A2",1.11919166862962,1.11919166862962
"A6","A4",22,"PDLIM4",1.06142052665945,1.06142052665945
"A6","A4",23,"DSP",1.04890909646763,1.04890909646763
"A6","A4",24,"FAM13A",1.03006394149225,1.03006394149225
"A6","A4",25,"KRT18",1.01450008630466,1.01450008630466
"A6","A4",26,"GBE1",1.0063170993936,1.0063170993936
"A6","A4",27,"MMP7",1.00440675263774,1.00440675263774
"A6","A4",28,"JUN",0.996056636038619,0.996056636038619
"A6","A4",29,"KLK7",0.994713915721486,0.994713915721486
"A6","A4",30,"ERO1A",0.961359861475473,0.961359861475473
"A6","A4",31,"S100A14",0.927522419369697,0.927522419369697
"A6","A4",32,"PLOD2",0.923022795292223,0.923022795292223
"A6","A4",33,"GDF15",0.90678590516153,0.90678590516153
"A6","A4",34,"ETS2",0.904535915327903,0.904535915327903
"A6","A4",35,"HNRNPA1",0.898947214538321,0.898947214538321
"A6","A4",36,"NPM1",0.88338358265367,0.88338358265367
"A6","A4",37,"LGALS1",0.881369071821124,0.881369071821124
"A6","A4",38,"FDFT1",0.8775145997283,0.8775145997283
"A6","A4",39,"ANXA2",0.861791324699318,0.861791324699318
"A6","A4",40,"MT1X",0.853639699794844,0.853639699794844
"A6","A4",41,"SNHG29",0.850050028235429,0.850050028235429
"A6","A4",42,"LGALS4",0.846611054350083,0.846611054350083
"A6","A4",43,"NAP1L1",0.845785450473713,0.845785450473713
"A6","A4",44,"PDE10A",0.84148080156586,0.84148080156586
"A6","A4",45,"TAGLN2",0.839590794499776,0.839590794499776
"A6","A4",46,"FABP1",0.824074739708832,0.824074739708832
"A6","A4",47,"FDPS",0.787427212551916,0.787427212551916
"A6","A4",48,"BTG1",0.783360679972635,0.783360679972635
"A6","A4",49,"AQP5",-0.778079506486041,0.778079506486041
"A6","A4",50,"TM4SF1",0.776610271908949,0.776610271908949
"A6","A4",51,"RACK1",0.76237044288581,0.76237044288581
"A6","A4",52,"PABPC1",0.760012110897237,0.760012110897237
"A6","A4",53,"IER3",0.756231563122987,0.756231563122987
"A6","A4",54,"CLDN4",0.747115453701824,0.747115453701824
"A6","A4",55,"NDRG1",0.740334945259827,0.740334945259827
"A6","A4",56,"PGAM1",0.736263877634029,0.736263877634029
"A6","A4",57,"PERP",0.735135150402201,0.735135150402201
"A6","A4",58,"MSMO1",0.730457423474324,0.730457423474324
"A6","A4",59,"S100A10",0.729444762975887,0.729444762975887
"A6","A4",60,"TSPAN8",0.724393124879909,0.724393124879909
"A6","A4",61,"SPINT2",0.72413957757265,0.72413957757265
"A6","A4",62,"MALRD1",0.71572946162646,0.71572946162646
"A6","A4",63,"ADM",0.708475436554609,0.708475436554609
"A6","A4",64,"ACTG1",0.697778323694581,0.697778323694581
"A6","A4",65,"ZNF511",0.694236768619171,0.694236768619171
"A6","A4",66,"INSIG2",0.693588209532472,0.693588209532472
"A6","A4",67,"P4HA2",0.689815893337904,0.689815893337904
"A6","A4",68,"CLDN7",0.676818040093956,0.676818040093956
"A6","A4",69,"ATP1B1",0.672046372606683,0.672046372606683
"A6","A4",70,"PPIA",0.671419661430786,0.671419661430786
"A6","A4",71,"SAT1",0.668690950499878,0.668690950499878
"A6","A4",72,"ECM1",0.662224348286371,0.662224348286371
"A6","A4",73,"KRT8",0.661818423447062,0.661818423447062
"A6","A4",74,"MGST1",0.64655751263404,0.64655751263404
"A6","A4",75,"CTSE",0.641988719101836,0.641988719101836
"A6","A4",76,"ANKRD37",0.64048908572161,0.64048908572161
"A6","A4",77,"PNRC1",0.637900135217787,0.637900135217787
"A6","A4",78,"AREG",0.620096411759319,0.620096411759319
"A6","A4",79,"DUSP1",0.619872571191384,0.619872571191384
"A6","A4",80,"RSL1D1",0.618418729883149,0.618418729883149
"A6","A4",81,"PTPRB",0.618131361489705,0.618131361489705
"A6","A4",82,"TSC22D1",0.614700605616605,0.614700605616605
"A6","A4",83,"VDAC2",0.613784961389366,0.613784961389366
"A6","A4",84,"C15orf48",0.611747385772596,0.611747385772596
"A6","A4",85,"HMGCS1",0.611537339979886,0.611537339979886
"A6","A4",86,"RBCK1",0.608808551094022,0.608808551094022
"A6","A4",87,"TMEM59",0.608101829302095,0.608101829302095
"A6","A4",88,"OLFM4",0.605068216242726,0.605068216242726
"A6","A4",89,"BMP4",0.603018224271323,0.603018224271323
"A6","A4",90,"HLA-DRB1",0.600630165248328,0.600630165248328
"A6","A4",91,"CD9",0.600573910561469,0.600573910561469
"A6","A4",92,"ANGPTL4",0.586253643768067,0.586253643768067
"A6","A4",93,"ANXA3",0.585627484266928,0.585627484266928
"A6","A4",94,"CMAS",0.577948386078607,0.577948386078607
"A6","A4",95,"SMOC2",-0.575564230672885,0.575564230672885
"A6","A4",96,"RNF128",0.574850496090467,0.574850496090467
"A6","A4",97,"HSP90AB1",0.568987555771015,0.568987555771015
"A6","A4",98,"B2M",0.56791114755758,0.56791114755758
"A6","A4",99,"CEMIP",0.567709441892242,0.567709441892242
"A6","A4",100,"AOAH",0.566300575182689,0.566300575182689
"A6","A5",1,"HMGB2",2.36077920864641,2.36077920864641
"A6","A5",2,"TUBA1B",2.29762454989348,2.29762454989348
"A6","A5",3,"TOP2A",2.27734540944547,2.27734540944547
"A6","A5",4,"MKI67",2.17263253636624,2.17263253636624
"A6","A5",5,"CENPF",1.98019947434525,1.98019947434525
"A6","A5",6,"TUBB4B",1.93314731799248,1.93314731799248
"A6","A5",7,"H4C3",1.82841710202037,1.82841710202037
"A6","A5",8,"NUSAP1",1.74770519343954,1.74770519343954
"A6","A5",9,"HMGB1",1.73734190402289,1.73734190402289
"A6","A5",10,"H2AZ1",1.65237597991777,1.65237597991777
"A6","A5",11,"TPX2",1.62967623395361,1.62967623395361
"A6","A5",12,"CKS2",1.57082453479084,1.57082453479084
"A6","A5",13,"PTTG1",1.53684292235765,1.53684292235765
"A6","A5",14,"TUBB",1.45513814143143,1.45513814143143
"A6","A5",15,"UBE2S",1.45105316631069,1.45105316631069
"A6","A5",16,"STMN1",1.43176739628796,1.43176739628796
"A6","A5",17,"PRC1",1.39391740954231,1.39391740954231
"A6","A5",18,"HMGN2",1.33962707448063,1.33962707448063
"A6","A5",19,"HSP90AA1",1.33327701649304,1.33327701649304
"A6","A5",20,"RRM2",1.32876475010439,1.32876475010439
"A6","A5",21,"SMC4",1.32277484492024,1.32277484492024
"A6","A5",22,"CCNB1",1.2644263738588,1.2644263738588
"A6","A5",23,"UBE2C",1.24815080091891,1.24815080091891
"A6","A5",24,"FAM13A",-1.21428391462768,1.21428391462768
"A6","A5",25,"MT1X",-1.20039079947948,1.20039079947948
"A6","A5",26,"ARL6IP1",1.1879866579972,1.1879866579972
"A6","A5",27,"BIRC5",1.13522238084898,1.13522238084898
"A6","A5",28,"ASPM",1.13168386024391,1.13168386024391
"A6","A5",29,"CENPW",1.12490238910937,1.12490238910937
"A6","A5",30,"TFF3",-1.11953480104816,1.11953480104816
"A6","A5",31,"DLGAP5",1.11615985918655,1.11615985918655
"A6","A5",32,"NUCKS1",1.11027600541359,1.11027600541359
"A6","A5",33,"DIAPH3",1.10883341097211,1.10883341097211
"A6","A5",34,"TUBA1C",1.09856766147443,1.09856766147443
"A6","A5",35,"CKAP2",1.07672403221758,1.07672403221758
"A6","A5",36,"CENPE",1.07393312488814,1.07393312488814
"A6","A5",37,"RANBP1",1.06924034271578,1.06924034271578
"A6","A5",38,"KIF20B",1.06350898259974,1.06350898259974
"A6","A5",39,"PA2G4",1.03103478132899,1.03103478132899
"A6","A5",40,"RAN",1.02654988073373,1.02654988073373
"A6","A5",41,"CDK1",1.02348843753637,1.02348843753637
"A6","A5",42,"NEAT1",-1.01609405773737,1.01609405773737
"A6","A5",43,"HNRNPAB",1.01374348984672,1.01374348984672
"A6","A5",44,"H1-3",1.00821729781483,1.00821729781483
"A6","A5",45,"HNRNPA2B1",1.00701355909078,1.00701355909078
"A6","A5",46,"HMMR",1.00110448389062,1.00110448389062
"A6","A5",47,"PTPRR",-0.998519632955072,0.998519632955072
"A6","A5",48,"PBK",0.996416755009803,0.996416755009803
"A6","A5",49,"HSPD1",0.994901540459748,0.994901540459748
"A6","A5",50,"GTSE1",0.988986010084308,0.988986010084308
"A6","A5",51,"PRR11",0.98329464018152,0.98329464018152
"A6","A5",52,"ANLN",0.959089381260372,0.959089381260372
"A6","A5",53,"CDKN3",0.95584558538308,0.95584558538308
"A6","A5",54,"TMPO",0.946959938365935,0.946959938365935
"A6","A5",55,"CDCA8",0.945324981315132,0.945324981315132
"A6","A5",56,"PRKDC",0.944207478327477,0.944207478327477
"A6","A5",57,"AURKA",0.936289032020332,0.936289032020332
"A6","A5",58,"CDC20",0.934523952063972,0.934523952063972
"A6","A5",59,"CKS1B",0.933755098184636,0.933755098184636
"A6","A5",60,"RAD21",0.927917725110217,0.927917725110217
"A6","A5",61,"H1-2",0.925101359116228,0.925101359116228
"A6","A5",62,"NASP",0.92159836745533,0.92159836745533
"A6","A5",63,"HSPE1",0.904102382683147,0.904102382683147
"A6","A5",64,"CEP55",0.889972024188178,0.889972024188178
"A6","A5",65,"FABP5",0.882090229424667,0.882090229424667
"A6","A5",66,"SLC11A2",-0.879683542398772,0.879683542398772
"A6","A5",67,"TACC3",0.877243828065386,0.877243828065386
"A6","A5",68,"CYP3A5",-0.863654267472798,0.863654267472798
"A6","A5",69,"CKAP5",0.856058243571046,0.856058243571046
"A6","A5",70,"ACTB",0.854164760083538,0.854164760083538
"A6","A5",71,"SGO2",0.850443467255478,0.850443467255478
"A6","A5",72,"H1-4",0.848527293887064,0.848527293887064
"A6","A5",73,"KIF4A",0.847022025329409,0.847022025329409
"A6","A5",74,"KNL1",0.845876497041765,0.845876497041765
"A6","A5",75,"H1-5",0.843689011165617,0.843689011165617
"A6","A5",76,"HSPA8",0.843539730590604,0.843539730590604
"A6","A5",77,"KPNA2",0.842954178680697,0.842954178680697
"A6","A5",78,"KIF2C",0.838332135763657,0.838332135763657
"A6","A5",79,"ECT2",0.834915900757282,0.834915900757282
"A6","A5",80,"MIR924HG",0.814605898008119,0.814605898008119
"A6","A5",81,"KIF11",0.814138746279809,0.814138746279809
"A6","A5",82,"PPIA",0.804344483881108,0.804344483881108
"A6","A5",83,"MIS18BP1",0.792458789869278,0.792458789869278
"A6","A5",84,"CALM2",0.791231253826314,0.791231253826314
"A6","A5",85,"NDRG1",-0.787935668488399,0.787935668488399
"A6","A5",86,"TYMS",0.78367643962585,0.78367643962585
"A6","A5",87,"PCLAF",0.781165661119002,0.781165661119002
"A6","A5",88,"SLC2A1",-0.773732614531731,0.773732614531731
"A6","A5",89,"CCNA2",0.77095428657622,0.77095428657622
"A6","A5",90,"NCL",0.769471838448117,0.769471838448117
"A6","A5",91,"DBF4",0.769347750571373,0.769347750571373
"A6","A5",92,"LSM4",0.767581844863748,0.767581844863748
"A6","A5",93,"CCNB2",0.766759730962892,0.766759730962892
"A6","A5",94,"HJURP",0.760497793671141,0.760497793671141
"A6","A5",95,"DTYMK",0.756932150723085,0.756932150723085
"A6","A5",96,"YBX1",0.754309467086868,0.754309467086868
"A6","A5",97,"ERO1A",-0.753766296353499,0.753766296353499
"A6","A5",98,"BUB1",0.752468634633993,0.752468634633993
"A6","A5",99,"YWHAB",0.748061061014515,0.748061061014515
"A6","A5",100,"DNMT1",0.747002965606508,0.747002965606508
"A6","A6",1,"FABP1",-2.46838794445889,2.46838794445889
"A6","A6",2,"SMOC2",1.835220858766,1.835220858766
"A6","A6",3,"NEAT1",-1.54007790010231,1.54007790010231
"A6","A6",4,"TFF3",-1.4453429052897,1.4453429052897
"A6","A6",5,"ENSG00000289474",-1.41608593628554,1.41608593628554
"A6","A6",6,"FAM13A",-1.40554889936399,1.40554889936399
"A6","A6",7,"HNRNPA1",1.25235063829305,1.25235063829305
"A6","A6",8,"MT1X",-1.24272782763261,1.24272782763261
"A6","A6",9,"PTPRR",-1.22101768623339,1.22101768623339
"A6","A6",10,"OLFM4",1.21243220627783,1.21243220627783
"A6","A6",11,"ASCL2",1.21212523447298,1.21212523447298
"A6","A6",12,"SLC6A8",-1.20876850460132,1.20876850460132
"A6","A6",13,"FXYD3",-1.09774576102111,1.09774576102111
"A6","A6",14,"NPM1",1.09541149529174,1.09541149529174
"A6","A6",15,"CLDN2",1.06945017982537,1.06945017982537
"A6","A6",16,"TSPAN8",1.03052680236318,1.03052680236318
"A6","A6",17,"AQP5",1.02971663458705,1.02971663458705
"A6","A6",18,"APBB2",1.02148370395894,1.02148370395894
"A6","A6",19,"TFF1",-1.01212469067493,1.01212469067493
"A6","A6",20,"SLC12A2",1.00513801837473,1.00513801837473
"A6","A6",21,"SLC11A2",-1.00097084711486,1.00097084711486
"A6","A6",22,"EIF4A1",0.988016663955293,0.988016663955293
"A6","A6",23,"EHF",0.985203984634877,0.985203984634877
"A6","A6",24,"MARCKSL1",0.981090751119334,0.981090751119334
"A6","A6",25,"NCL",0.961080618047778,0.961080618047778
"A6","A6",26,"LYZ",0.960340377671286,0.960340377671286
"A6","A6",27,"HSP90AB1",0.954980245322583,0.954980245322583
"A6","A6",28,"CD9",0.949976316307964,0.949976316307964
"A6","A6",29,"LDHB",0.922657696928541,0.922657696928541
"A6","A6",30,"KRT18",0.894702373316644,0.894702373316644
"A6","A6",31,"SNHG29",0.892603848015624,0.892603848015624
"A6","A6",32,"PHGR1",-0.891662615158548,0.891662615158548
"A6","A6",33,"RACK1",0.886197647751745,0.886197647751745
"A6","A6",34,"ACTG1",0.885288336640736,0.885288336640736
"A6","A6",35,"GSTM3",0.868614942983559,0.868614942983559
"A6","A6",36,"ETS2",0.866319438614028,0.866319438614028
"A6","A6",37,"TESC",0.865652267758676,0.865652267758676
"A6","A6",38,"YBX1",0.864115876083839,0.864115876083839
"A6","A6",39,"NDRG1",-0.863542550330741,0.863542550330741
"A6","A6",40,"GPX2",0.855668944270864,0.855668944270864
"A6","A6",41,"NAP1L1",0.84877480341319,0.84877480341319
"A6","A6",42,"CYP3A5",-0.84579797428925,0.84579797428925
"A6","A6",43,"ZNRF3",0.83821725982961,0.83821725982961
"A6","A6",44,"GPHN",0.82841443829995,0.82841443829995
"A6","A6",45,"CDK6",0.816378111828591,0.816378111828591
"A6","A6",46,"SLC2A1",-0.797469491599312,0.797469491599312
"A6","A6",47,"TSC22D1",0.79068889033914,0.79068889033914
"A6","A6",48,"MLEC",0.790291137176272,0.790291137176272
"A6","A6",49,"RAN",0.788748589079892,0.788748589079892
"A6","A6",50,"LGR5",0.776673962478092,0.776673962478092
"A6","A6",51,"CCND1",0.775971173827626,0.775971173827626
"A6","A6",52,"AREG",-0.770693711227427,0.770693711227427
"A6","A6",53,"CCSER2",0.767200806929966,0.767200806929966
"A6","A6",54,"MUC17",-0.761366371643706,0.761366371643706
"A6","A6",55,"KRT20",-0.760133028537329,0.760133028537329
"A6","A6",56,"PHLDA1",0.756665932256508,0.756665932256508
"A6","A6",57,"ITPR2",0.756556527046754,0.756556527046754
"A6","A6",58,"SYNE2",0.7525922298212,0.7525922298212
"A6","A6",59,"SLC25A3",0.748221787943096,0.748221787943096
"A6","A6",60,"HSPD1",0.747265542226176,0.747265542226176
"A6","A6",61,"LINC01811",0.743375527593985,0.743375527593985
"A6","A6",62,"ERO1A",-0.742409412369159,0.742409412369159
"A6","A6",63,"C15orf48",-0.739200022937112,0.739200022937112
"A6","A6",64,"PABPC1",0.737582371739961,0.737582371739961
"A6","A6",65,"GBE1",-0.734838767123471,0.734838767123471
"A6","A6",66,"CCT2",0.72599536188987,0.72599536188987
"A6","A6",67,"YWHAB",0.722384926809172,0.722384926809172
"A6","A6",68,"SSB",0.721620258509214,0.721620258509214
"A6","A6",69,"CCT6A",0.718111746602206,0.718111746602206
"A6","A6",70,"CCT3",0.71641996035983,0.71641996035983
"A6","A6",71,"SLC25A5",0.708393979797429,0.708393979797429
"A6","A6",72,"H3-3B",0.695023602553507,0.695023602553507
"A6","A6",73,"ARID5B",0.691773209745512,0.691773209745512
"A6","A6",74,"ATF3",-0.675503596145015,0.675503596145015
"A6","A6",75,"ANKRD37",-0.671798423848892,0.671798423848892
"A6","A6",76,"ANGPTL4",-0.671151498541653,0.671151498541653
"A6","A6",77,"HNRNPA2B1",0.670356111815541,0.670356111815541
"A6","A6",78,"CCND2",0.665830945577625,0.665830945577625
"A6","A6",79,"ACSS2",-0.665275295139721,0.665275295139721
"A6","A6",80,"NRXN3",0.661237953691823,0.661237953691823
"A6","A6",81,"RCN1",0.658084817237525,0.658084817237525
"A6","A6",82,"KLK6",0.656789924855773,0.656789924855773
"A6","A6",83,"EGLN3",-0.655816564966189,0.655816564966189
"A6","A6",84,"PLCB4",0.65478702750567,0.65478702750567
"A6","A6",85,"GDF15",-0.651945324010318,0.651945324010318
"A6","A6",86,"HILPDA",-0.65052938615329,0.65052938615329
"A6","A6",87,"STARD13",0.648334023670213,0.648334023670213
"A6","A6",88,"PRAP1",-0.648296952571991,0.648296952571991
"A6","A6",89,"ALDH1A1",0.647501941300762,0.647501941300762
"A6","A6",90,"CFTR",0.647243145467054,0.647243145467054
"A6","A6",91,"SCD",-0.646828409095713,0.646828409095713
"A6","A6",92,"NIPSNAP1",0.642595337064885,0.642595337064885
"A6","A6",93,"LCN2",0.642217560443002,0.642217560443002
"A6","A6",94,"PPIA",0.639097029652459,0.639097029652459
"A6","A6",95,"CCT5",0.63825297322978,0.63825297322978
"A6","A6",96,"PGK1",-0.63505313550847,0.63505313550847
"A6","A6",97,"CASC19",0.632686502781833,0.632686502781833
"A6","A6",98,"PARP1",0.620237577100468,0.620237577100468
"A6","A6",99,"MECOM",0.618626689531762,0.618626689531762
"A6","A6",100,"DACH1",0.617097191154436,0.617097191154436
